Workbook

Sheet Roles by Department
A3: Departments | B3: Total Roles
A4: Engineering | B4: 5
A5: Finance | B5: 4
A6: HR | B6: 3
A7: Marketing | B7: 2
A8: Operations | B8: 2
A9: Product | B9: 2
A10: Sales | B10: 2
A11: Grand Total | B11: 20

Sheet Avg Days by Recruiter
A3: Row Labels | B3: Average of Days to Fill
A4: James Obi | B4: 35
A5: Linda Marsh | B5: 32.666667
A6: Mike Torres | B6: 57
A7: Sarah Kim | B7: 37.8
A8: Grand Total | B8: 38.923077

Sheet Hiring_Data
A1: HEADCOUNT & HIRING TRACKER — FY 2026
A2: HR Analytics | People Operations | Last Updated: June 2026
A4: Job ID | B4: Role Title | C4: Department | D4: Location | E4: Recruiter | F4: Date Opened | G4: Date Filled | H4: Status | I4: Days to Fill | J4: Salary Band | K4: Hire Type | L4: Source | M4: Quarter | N4: Filled? | O4: Notes | P4: Min Salary
A5: JOB-001 | B5: Data Analyst | C5: Finance | D5: New York | E5: Sarah Kim | F5: 45299 | G5: 45336 | H5: Filled | I5: =IF(G5="","",G5-F5) -> 37 | J5: L3 | K5: Full-Time | L5: LinkedIn | M5: Q1 | N5: Yes | O5: Strong pipeline | P5: =VLOOKUP(J5,Lookup_Tables!$A$4:$C$9,2,0) -> 80000
A6: JOB-002 | B6: Software Engineer II | C6: Engineering | D6: Remote | E6: Mike Torres | F6: 45306 | G6: 45373 | H6: Filled | I6: =IF(G6="","",G6-F6) -> 67 | J6: L4 | K6: Full-Time | L6: Referral | M6: Q1 | N6: Yes | O6: Took longer — niche skills | P6: =VLOOKUP(J6,Lookup_Tables!$A$4:$C$9,2,0) -> 105000
A7: JOB-003 | B7: HR Business Partner | C7: HR | D7: Chicago | E7: Linda Marsh | F7: 45311 | G7: 45350 | H7: Filled | I7: =IF(G7="","",G7-F7) -> 39 | J7: L3 | K7: Full-Time | L7: Indeed | M7: Q1 | N7: Yes | P7: =VLOOKUP(J7,Lookup_Tables!$A$4:$C$9,2,0) -> 80000
A8: JOB-004 | B8: Sales Executive | C8: Sales | D8: Dallas | E8: James Obi | F8: 45323 | H8: Open | I8: =IF(G8="","",G8-F8) | J8: L3 | K8: Full-Time | L8: LinkedIn | M8: Q1 | N8: No | O8: 2 finalists in review | P8: =VLOOKUP(J8,Lookup_Tables!$A$4:$C$9,2,0) -> 80000
A9: JOB-005 | B9: Marketing Manager | C9: Marketing | D9: New York | E9: Sarah Kim | F9: 45332 | G9: 45366 | H9: Filled | I9: =IF(G9="","",G9-F9) -> 34 | J9: L4 | K9: Full-Time | L9: LinkedIn | M9: Q1 | N9: Yes | P9: =VLOOKUP(J9,Lookup_Tables!$A$4:$C$9,2,0) -> 105000
A10: JOB-006 | B10: DevOps Engineer | C10: Engineering | D10: Remote | E10: Mike Torres | F10: 45340 | G10: 45387 | H10: Filled | I10: =IF(G10="","",G10-F10) -> 47 | J10: L4 | K10: Full-Time | L10: GitHub Jobs | M10: Q1 | N10: Yes | O10: Offer rejected once | P10: =VLOOKUP(J10,Lookup_Tables!$A$4:$C$9,2,0) -> 105000
A11: JOB-007 | B11: Accountant | C11: Finance | D11: Chicago | E11: Linda Marsh | F11: 45352 | G11: 45379 | H11: Filled | I11: =IF(G11="","",G11-F11) -> 27 | J11: L2 | K11: Full-Time | L11: Indeed | M11: Q1 | N11: Yes | P11: =VLOOKUP(J11,Lookup_Tables!$A$4:$C$9,2,0) -> 60000
A12: JOB-008 | B12: Customer Success Mgr | C12: Operations | D12: Austin | E12: James Obi | F12: 45361 | G12: 45402 | H12: Filled | I12: =IF(G12="","",G12-F12) -> 41 | J12: L3 | K12: Full-Time | L12: Referral | M12: Q1 | N12: Yes | O12: Internal referral | P12: =VLOOKUP(J12,Lookup_Tables!$A$4:$C$9,2,0) -> 80000
A13: JOB-009 | B13: Product Manager | C13: Product | D13: San Francisco | E13: Sarah Kim | F13: 45371 | G13: 45422 | H13: Filled | I13: =IF(G13="","",G13-F13) -> 51 | J13: L5 | K13: Full-Time | L13: LinkedIn | M13: Q2 | N13: Yes | O13: Competitive offer | P13: =VLOOKUP(J13,Lookup_Tables!$A$4:$C$9,2,0) -> 135000
A14: JOB-010 | B14: UX Designer | C14: Product | D14: New York | E14: Linda Marsh | F14: 45383 | G14: 45415 | H14: Filled | I14: =IF(G14="","",G14-F14) -> 32 | J14: L3 | K14: Full-Time | L14: Dribbble | M14: Q2 | N14: Yes | P14: =VLOOKUP(J14,Lookup_Tables!$A$4:$C$9,2,0) -> 80000
A15: JOB-011 | B15: Data Engineer | C15: Engineering | D15: Remote | E15: Mike Torres | F15: 45390 | H15: Open | I15: =IF(G15="","",G15-F15) | J15: L4 | K15: Full-Time | L15: LinkedIn | M15: Q2 | N15: No | O15: Technical screen stage | P15: =VLOOKUP(J15,Lookup_Tables!$A$4:$C$9,2,0) -> 105000
A16: JOB-012 | B16: Recruiter | C16: HR | D16: Chicago | E16: James Obi | F16: 45397 | G16: 45432 | H16: Filled | I16: =IF(G16="","",G16-F16) -> 35 | J16: L2 | K16: Full-Time | L16: Indeed | M16: Q2 | N16: Yes | P16: =VLOOKUP(J16,Lookup_Tables!$A$4:$C$9,2,0) -> 60000
A17: JOB-013 | B17: Business Analyst | C17: Finance | D17: Dallas | E17: Sarah Kim | F17: 45404 | G17: 45444 | H17: Filled | I17: =IF(G17="","",G17-F17) -> 40 | J17: L3 | K17: Contract | L17: LinkedIn | M17: Q2 | N17: Yes | O17: Contract-to-hire | P17: =VLOOKUP(J17,Lookup_Tables!$A$4:$C$9,2,0) -> 80000
A18: JOB-014 | B18: Sales Development Rep | C18: Sales | D18: Austin | E18: James Obi | F18: 45413 | G18: 45442 | H18: Filled | I18: =IF(G18="","",G18-F18) -> 29 | J18: L1 | K18: Full-Time | L18: Indeed | M18: Q2 | N18: Yes | O18: Fast fill | P18: =VLOOKUP(J18,Lookup_Tables!$A$4:$C$9,2,0) -> 45000
A19: JOB-015 | B19: Cloud Architect | C19: Engineering | D19: Remote | E19: Mike Torres | F19: 45422 | H19: Open | I19: =IF(G19="","",G19-F19) | J19: L5 | K19: Full-Time | L19: LinkedIn | M19: Q2 | N19: No | O19: Senior-level, slow pipeline | P19: =VLOOKUP(J19,Lookup_Tables!$A$4:$C$9,2,0) -> 135000
A20: JOB-016 | B20: Content Strategist | C20: Marketing | D20: New York | E20: Sarah Kim | F20: 45430 | G20: 45457 | H20: Filled | I20: =IF(G20="","",G20-F20) -> 27 | J20: L2 | K20: Full-Time | L20: LinkedIn | M20: Q2 | N20: Yes | P20: =VLOOKUP(J20,Lookup_Tables!$A$4:$C$9,2,0) -> 60000
A21: JOB-017 | B21: Finance Manager | C21: Finance | D21: Chicago | E21: Linda Marsh | F21: 45444 | H21: Open | I21: =IF(G21="","",G21-F21) | J21: L4 | K21: Full-Time | L21: Referral | M21: Q2 | N21: No | O21: Final interviews | P21: =VLOOKUP(J21,Lookup_Tables!$A$4:$C$9,2,0) -> 105000
A22: JOB-018 | B22: Operations Analyst | C22: Operations | D22: Dallas | E22: James Obi | F22: 45448 | H22: Open | I22: =IF(G22="","",G22-F22) | J22: L2 | K22: Full-Time | L22: Indeed | M22: Q2 | N22: No | O22: Phone screens | P22: =VLOOKUP(J22,Lookup_Tables!$A$4:$C$9,2,0) -> 60000
A23: JOB-019 | B23: ML Engineer | C23: Engineering | D23: Remote | E23: Mike Torres | F23: 45453 | H23: Open | I23: =IF(G23="","",G23-F23) | J23: L5 | K23: Full-Time | L23: LinkedIn | M23: Q2 | N23: No | O23: New headcount approval | P23: =VLOOKUP(J23,Lookup_Tables!$A$4:$C$9,2,0) -> 135000
A24: JOB-020 | B24: Talent Acquisition Spec | C24: HR | D24: Austin | E24: Sarah Kim | F24: 45458 | H24: Open | I24: =IF(G24="","",G24-F24) | J24: L2 | K24: Full-Time | L24: Indeed | M24: Q2 | N24: No | P24: =VLOOKUP(J24,Lookup_Tables!$A$4:$C$9,2,0) -> 60000

Sheet Summary_Dashboard
A1: HIRING SUMMARY DASHBOARD — FY 2026
A3: KEY METRICS
A4: Total Roles | B4: Filled | C4: Open | D4: Fill Rate | E4: Avg Days to Fill | F4: Full-Time | G4: Contract
A5: =COUNTA(Hiring_Data!A5:A24) -> 20 | B5: =COUNTIF(Hiring_Data!H5:H24,"Filled") -> 13 | C5: =COUNTIF(Hiring_Data!H5:H24,"Open") -> 7 | D5: =COUNTIF(Hiring_Data!H5:H24,"Filled")/COUNTA(Hiring_Data!H5:H24) -> 0.65 | E5: =AVERAGEIF(Hiring_Data!H5:H24,"Filled",Hiring_Data!I5:I24) -> 38.923077 | F5: =COUNTIF(Hiring_Data!K5:K24,"Full-Time") -> 19 | G5: =COUNTIF(Hiring_Data!K5:K24,"Contract") -> 1
A7: Roles by Department | F7: Recruiter Performance
A8: Department | B8: Total Roles | C8: Filled | D8: Avg Days to Fill | F8: Recruiter | G8: Total Assigned | H8: Filled | I8: Avg Days
A9: Engineering | B9: =COUNTIF(Hiring_Data!C5:C24,"Engineering") -> 5 | C9: =COUNTIFS(Hiring_Data!C5:C24,"Engineering",Hiring_Data!H5:H24,"Filled") -> 2 | D9: =IFERROR(AVERAGEIFS(Hiring_Data!I5:I24,Hiring_Data!C5:C24,"Engineering",Hiring_Data!H5:H24,"Filled"),"-") -> 57 | F9: Sarah Kim | G9: =COUNTIF(Hiring_Data!E5:E24,"Sarah Kim") -> 6 | H9: =COUNTIFS(Hiring_Data!E5:E24,"Sarah Kim",Hiring_Data!H5:H24,"Filled") -> 5 | I9: =IFERROR(AVERAGEIFS(Hiring_Data!I5:I24,Hiring_Data!E5:E24,"Sarah Kim",Hiring_Data!H5:H24,"Filled"),"-") -> 37.8
A10: Finance | B10: =COUNTIF(Hiring_Data!C5:C24,"Finance") -> 4 | C10: =COUNTIFS(Hiring_Data!C5:C24,"Finance",Hiring_Data!H5:H24,"Filled") -> 3 | D10: =IFERROR(AVERAGEIFS(Hiring_Data!I5:I24,Hiring_Data!C5:C24,"Finance",Hiring_Data!H5:H24,"Filled"),"-") -> 34.666667 | F10: Mike Torres | G10: =COUNTIF(Hiring_Data!E5:E24,"Mike Torres") -> 5 | H10: =COUNTIFS(Hiring_Data!E5:E24,"Mike Torres",Hiring_Data!H5:H24,"Filled") -> 2 | I10: =IFERROR(AVERAGEIFS(Hiring_Data!I5:I24,Hiring_Data!E5:E24,"Mike Torres",Hiring_Data!H5:H24,"Filled"),"-") -> 57
A11: HR | B11: =COUNTIF(Hiring_Data!C5:C24,"HR") -> 3 | C11: =COUNTIFS(Hiring_Data!C5:C24,"HR",Hiring_Data!H5:H24,"Filled") -> 2 | D11: =IFERROR(AVERAGEIFS(Hiring_Data!I5:I24,Hiring_Data!C5:C24,"HR",Hiring_Data!H5:H24,"Filled"),"-") -> 37 | F11: Linda Marsh | G11: =COUNTIF(Hiring_Data!E5:E24,"Linda Marsh") -> 4 | H11: =COUNTIFS(Hiring_Data!E5:E24,"Linda Marsh",Hiring_Data!H5:H24,"Filled") -> 3 | I11: =IFERROR(AVERAGEIFS(Hiring_Data!I5:I24,Hiring_Data!E5:E24,"Linda Marsh",Hiring_Data!H5:H24,"Filled"),"-") -> 32.666667
A12: Marketing | B12: =COUNTIF(Hiring_Data!C5:C24,"Marketing") -> 2 | C12: =COUNTIFS(Hiring_Data!C5:C24,"Marketing",Hiring_Data!H5:H24,"Filled") -> 2 | D12: =IFERROR(AVERAGEIFS(Hiring_Data!I5:I24,Hiring_Data!C5:C24,"Marketing",Hiring_Data!H5:H24,"Filled"),"-") -> 30.5 | F12: James Obi | G12: =COUNTIF(Hiring_Data!E5:E24,"James Obi") -> 5 | H12: =COUNTIFS(Hiring_Data!E5:E24,"James Obi",Hiring_Data!H5:H24,"Filled") -> 3 | I12: =IFERROR(AVERAGEIFS(Hiring_Data!I5:I24,Hiring_Data!E5:E24,"James Obi",Hiring_Data!H5:H24,"Filled"),"-") -> 35
A13: Operations | B13: =COUNTIF(Hiring_Data!C5:C24,"Operations") -> 2 | C13: =COUNTIFS(Hiring_Data!C5:C24,"Operations",Hiring_Data!H5:H24,"Filled") -> 1 | D13: =IFERROR(AVERAGEIFS(Hiring_Data!I5:I24,Hiring_Data!C5:C24,"Operations",Hiring_Data!H5:H24,"Filled"),"-") -> 41
A14: Product | B14: =COUNTIF(Hiring_Data!C5:C24,"Product") -> 2 | C14: =COUNTIFS(Hiring_Data!C5:C24,"Product",Hiring_Data!H5:H24,"Filled") -> 2 | D14: =IFERROR(AVERAGEIFS(Hiring_Data!I5:I24,Hiring_Data!C5:C24,"Product",Hiring_Data!H5:H24,"Filled"),"-") -> 41.5
A15: Sales | B15: =COUNTIF(Hiring_Data!C5:C24,"Sales") -> 2 | C15: =COUNTIFS(Hiring_Data!C5:C24,"Sales",Hiring_Data!H5:H24,"Filled") -> 1 | D15: =IFERROR(AVERAGEIFS(Hiring_Data!I5:I24,Hiring_Data!C5:C24,"Sales",Hiring_Data!H5:H24,"Filled"),"-") -> 29
A17: Hiring Source Breakdown | F17: Quarterly Summary
A18: Source | B18: Total | C18: Filled | D18: Fill Rate | F18: Quarter | G18: Total Roles | H18: Filled | I18: Fill Rate
A19: LinkedIn | B19: =COUNTIF(Hiring_Data!L5:L24,"LinkedIn") -> 9 | C19: =COUNTIFS(Hiring_Data!L5:L24,"LinkedIn",Hiring_Data!H5:H24,"Filled") -> 5 | D19: =IFERROR(COUNTIFS(Hiring_Data!L5:L24,"LinkedIn",Hiring_Data!H5:H24,"Filled")/COUNTIF(Hiring_Data!L5:L24,"LinkedIn"),"-") -> 0.55555556 | F19: Q1 | G19: =COUNTIF(Hiring_Data!M5:M24,"Q1") -> 8 | H19: =COUNTIFS(Hiring_Data!M5:M24,"Q1",Hiring_Data!H5:H24,"Filled") -> 7 | I19: =IFERROR(COUNTIFS(Hiring_Data!M5:M24,"Q1",Hiring_Data!H5:H24,"Filled")/COUNTIF(Hiring_Data!M5:M24,"Q1"),"-") -> 0.875
A20: Indeed | B20: =COUNTIF(Hiring_Data!L5:L24,"Indeed") -> 6 | C20: =COUNTIFS(Hiring_Data!L5:L24,"Indeed",Hiring_Data!H5:H24,"Filled") -> 4 | D20: =IFERROR(COUNTIFS(Hiring_Data!L5:L24,"Indeed",Hiring_Data!H5:H24,"Filled")/COUNTIF(Hiring_Data!L5:L24,"Indeed"),"-") -> 0.66666667 | F20: Q2 | G20: =COUNTIF(Hiring_Data!M5:M24,"Q2") -> 12 | H20: =COUNTIFS(Hiring_Data!M5:M24,"Q2",Hiring_Data!H5:H24,"Filled") -> 6 | I20: =IFERROR(COUNTIFS(Hiring_Data!M5:M24,"Q2",Hiring_Data!H5:H24,"Filled")/COUNTIF(Hiring_Data!M5:M24,"Q2"),"-") -> 0.5
A21: Referral | B21: =COUNTIF(Hiring_Data!L5:L24,"Referral") -> 3 | C21: =COUNTIFS(Hiring_Data!L5:L24,"Referral",Hiring_Data!H5:H24,"Filled") -> 2 | D21: =IFERROR(COUNTIFS(Hiring_Data!L5:L24,"Referral",Hiring_Data!H5:H24,"Filled")/COUNTIF(Hiring_Data!L5:L24,"Referral"),"-") -> 0.66666667
A22: GitHub Jobs | B22: =COUNTIF(Hiring_Data!L5:L24,"GitHub Jobs") -> 1 | C22: =COUNTIFS(Hiring_Data!L5:L24,"GitHub Jobs",Hiring_Data!H5:H24,"Filled") -> 1 | D22: =IFERROR(COUNTIFS(Hiring_Data!L5:L24,"GitHub Jobs",Hiring_Data!H5:H24,"Filled")/COUNTIF(Hiring_Data!L5:L24,"GitHub Jobs"),"-") -> 1
A23: Dribbble | B23: =COUNTIF(Hiring_Data!L5:L24,"Dribbble") -> 1 | C23: =COUNTIFS(Hiring_Data!L5:L24,"Dribbble",Hiring_Data!H5:H24,"Filled") -> 1 | D23: =IFERROR(COUNTIFS(Hiring_Data!L5:L24,"Dribbble",Hiring_Data!H5:H24,"Filled")/COUNTIF(Hiring_Data!L5:L24,"Dribbble"),"-") -> 1
A26: KEY INSIGHTS
A27: 1. Engineering has the most open roles (3) — priority hiring area
A28: 2. Linda Marsh fills roles fastest at 32.7 days — best performer
A29: 3. Q1 had an 88% fill rate vs 50% in Q2 — hiring slowed down

Sheet Lookup_Tables
A1: REFERENCE TABLES
A3: Salary Band | B3: Min Salary | C3: Max Salary | E3: Recruiter | F3: Team | G3: Location
A4: L1 | B4: 45000 | C4: 60000 | E4: Sarah Kim | F4: Corp Recruiting | G4: New York
A5: L2 | B5: 60000 | C5: 80000 | E5: Mike Torres | F5: Tech Recruiting | G5: Remote
A6: L3 | B6: 80000 | C6: 105000 | E6: Linda Marsh | F6: HR Recruiting | G6: Chicago
A7: L4 | B7: 105000 | C7: 135000 | E7: James Obi | F7: Sales & Ops | G7: Austin
A8: L5 | B8: 135000 | C8: 175000
